Component,Variance,Std_Dev,Energy,Energy_Percent(%),Pearson_Correlation,P_Value
IMF 1,1.6486,1.284,22366.33,0.02,0.0146,0.089349
IMF 2,1.1936,1.0925,16192.96,0.02,0.0091,0.28928
IMF 3,0.6925,0.8322,9395.44,0.01,0.0254,0.003112
IMF 4,1.4392,1.1997,19526.34,0.02,0.0384,8e-06
IMF 5,2.6979,1.6425,36603.31,0.04,0.0386,7e-06
IMF 6,7.067,2.6584,95879.55,0.1,0.0313,0.000268
IMF 7,51.1448,7.1516,694841.46,0.75,0.2726,0.0
IMF 8,60.0613,7.7499,814870.63,0.88,0.2502,0.0
Residue,748.3407,27.3558,90496207.04,98.15,0.9163,0.0
